<annotation>
	<folder>images</folder>
	<filename>images (2).jpg</filename>
	<path>E:\practical\End_to_End\End_ti_end_waste_detection_using_YOLOv5\dataset\train\images\images (2).jpg</path>
	<source>
		<database>Unknown</database>
	</source>
	<size>
		<width>300</width>
		<height>168</height>
		<depth>3</depth>
	</size>
	<segmented>0</segmented>
	<object>
		<name>plasticbottle</name>
		<pose>Unspecified</pose>
		<truncated>0</truncated>
		<difficult>0</difficult>
		<bndbox>
			<xmin>133</xmin>
			<ymin>38</ymin>
			<xmax>177</xmax>
			<ymax>141</ymax>
		</bndbox>
	</object>
</annotation>
