<annotation>
	<folder>images</folder>
	<filename>images (4).jpg</filename>
	<path>E:\practical\End_to_End\End_ti_end_waste_detection_using_YOLOv5\dataset\train\images\images (4).jpg</path>
	<source>
		<database>Unknown</database>
	</source>
	<size>
		<width>301</width>
		<height>168</height>
		<depth>3</depth>
	</size>
	<segmented>0</segmented>
	<object>
		<name>drinkcan</name>
		<pose>Unspecified</pose>
		<truncated>0</truncated>
		<difficult>0</difficult>
		<bndbox>
			<xmin>28</xmin>
			<ymin>3</ymin>
			<xmax>269</xmax>
			<ymax>161</ymax>
		</bndbox>
	</object>
</annotation>
